{
  "minLng": 67.26683750000001,
  "maxLng": 98.2388185,
  "minLat": 7.25341267,
  "maxLat": 36.317988330000006,
  "W": 500,
  "H": 580,
  "pad": 16
}